category,value,substitution,scenario,measure,basis
1,-1.5738082585651674,presub,tracker_actual_2026-07-24,level,% of after-tax income
2,-0.9713391856675584,presub,tracker_actual_2026-07-24,level,% of after-tax income
3,-0.9374598401332364,presub,tracker_actual_2026-07-24,level,% of after-tax income
4,-0.8324218629314931,presub,tracker_actual_2026-07-24,level,% of after-tax income
5,-0.8528334176625761,presub,tracker_actual_2026-07-24,level,% of after-tax income
6,-0.8405746541546846,presub,tracker_actual_2026-07-24,level,% of after-tax income
7,-0.8009731050138221,presub,tracker_actual_2026-07-24,level,% of after-tax income
8,-0.7720584334461627,presub,tracker_actual_2026-07-24,level,% of after-tax income
9,-0.7081320142875206,presub,tracker_actual_2026-07-24,level,% of after-tax income
10,-0.49806328753476864,presub,tracker_actual_2026-07-24,level,% of after-tax income
Total,-0.7240069118667637,presub,tracker_actual_2026-07-24,level,% of after-tax income
1,-1.3237622754626814,postsub,tracker_actual_2026-07-24,level,% of after-tax income
2,-0.8170132312290902,postsub,tracker_actual_2026-07-24,level,% of after-tax income
3,-0.7885166216252062,postsub,tracker_actual_2026-07-24,level,% of after-tax income
4,-0.7001670333231699,postsub,tracker_actual_2026-07-24,level,% of after-tax income
5,-0.7173356089673105,postsub,tracker_actual_2026-07-24,level,% of after-tax income
6,-0.7070245125632544,postsub,tracker_actual_2026-07-24,level,% of after-tax income
7,-0.6737148406148119,postsub,tracker_actual_2026-07-24,level,% of after-tax income
8,-0.6493941197008443,postsub,tracker_actual_2026-07-24,level,% of after-tax income
9,-0.5956243026808369,postsub,tracker_actual_2026-07-24,level,% of after-tax income
10,-0.4189312054014414,postsub,tracker_actual_2026-07-24,level,% of after-tax income
Total,-0.6089770033213806,postsub,tracker_actual_2026-07-24,level,% of after-tax income
1,-0.8319180958513358,presub,tracker_no_fl_301_2026-07-24,level,% of after-tax income
2,-0.5134517762049741,presub,tracker_no_fl_301_2026-07-24,level,% of after-tax income
3,-0.4955430884901831,presub,tracker_no_fl_301_2026-07-24,level,% of after-tax income
4,-0.4400198101554913,presub,tracker_no_fl_301_2026-07-24,level,% of after-tax income
5,-0.45080939754825855,presub,tracker_no_fl_301_2026-07-24,level,% of after-tax income
6,-0.4443293913979067,presub,tracker_no_fl_301_2026-07-24,level,% of after-tax income
7,-0.4233959357658557,presub,tracker_no_fl_301_2026-07-24,level,% of after-tax income
8,-0.40811158433243233,presub,tracker_no_fl_301_2026-07-24,level,% of after-tax income
9,-0.37431995526223216,presub,tracker_no_fl_301_2026-07-24,level,% of after-tax income
10,-0.26327721914303565,presub,tracker_no_fl_301_2026-07-24,level,% of after-tax income
Total,-0.3827114568915344,presub,tracker_no_fl_301_2026-07-24,level,% of after-tax income
1,-0.7036561050688362,postsub,tracker_no_fl_301_2026-07-24,level,% of after-tax income
2,-0.43428972008998246,postsub,tracker_no_fl_301_2026-07-24,level,% of after-tax income
3,-0.4191421262257232,postsub,tracker_no_fl_301_2026-07-24,level,% of after-tax income
4,-0.37217921729457304,postsub,tracker_no_fl_301_2026-07-24,level,% of after-tax income
5,-0.38130530684347885,postsub,tracker_no_fl_301_2026-07-24,level,% of after-tax income
6,-0.3758243635735616,postsub,tracker_no_fl_301_2026-07-24,level,% of after-tax income
7,-0.3581183490883177,postsub,tracker_no_fl_301_2026-07-24,level,% of after-tax income
8,-0.3451904812467846,postsub,tracker_no_fl_301_2026-07-24,level,% of after-tax income
9,-0.316608717952965,postsub,tracker_no_fl_301_2026-07-24,level,% of after-tax income
10,-0.22268613160285003,postsub,tracker_no_fl_301_2026-07-24,level,% of after-tax income
Total,-0.3237064495464954,postsub,tracker_no_fl_301_2026-07-24,level,% of after-tax income
1,-1.610901732784732,presub,tracker_no_fl_301_keep_s122_2026-07-24,level,% of after-tax income
2,-0.9942329180176868,presub,tracker_no_fl_301_keep_s122_2026-07-24,level,% of after-tax income
3,-0.959555061849484,presub,tracker_no_fl_301_keep_s122_2026-07-24,level,% of after-tax income
4,-0.8520414187092737,presub,tracker_no_fl_301_keep_s122_2026-07-24,level,% of after-tax income
5,-0.8729340583978652,presub,tracker_no_fl_301_keep_s122_2026-07-24,level,% of after-tax income
6,-0.8603863650755134,presub,tracker_no_fl_301_keep_s122_2026-07-24,level,% of after-tax income
7,-0.8198514372755183,presub,tracker_no_fl_301_keep_s122_2026-07-24,level,% of after-tax income
8,-0.7902552686966919,presub,tracker_no_fl_301_keep_s122_2026-07-24,level,% of after-tax income
9,-0.7248221520302021,presub,tracker_no_fl_301_keep_s122_2026-07-24,level,% of after-tax income
10,-0.5098022637507948,presub,tracker_no_fl_301_keep_s122_2026-07-24,level,% of after-tax income
Total,-0.7410712089779001,presub,tracker_no_fl_301_keep_s122_2026-07-24,level,% of after-tax income
1,-1.395408837390802,postsub,tracker_no_fl_301_keep_s122_2026-07-24,level,% of after-tax income
2,-0.8612327940255066,postsub,tracker_no_fl_301_keep_s122_2026-07-24,level,% of after-tax income
3,-0.8311938500141756,postsub,tracker_no_fl_301_keep_s122_2026-07-24,level,% of after-tax income
4,-0.738062478481919,postsub,tracker_no_fl_301_keep_s122_2026-07-24,level,% of after-tax income
5,-0.7561602764199006,postsub,tracker_no_fl_301_keep_s122_2026-07-24,level,% of after-tax income
6,-0.7452911080562836,postsub,tracker_no_fl_301_keep_s122_2026-07-24,level,% of after-tax income
7,-0.7101786022317773,postsub,tracker_no_fl_301_keep_s122_2026-07-24,level,% of after-tax income
8,-0.6845415603518794,postsub,tracker_no_fl_301_keep_s122_2026-07-24,level,% of after-tax income
9,-0.6278615361168787,postsub,tracker_no_fl_301_keep_s122_2026-07-24,level,% of after-tax income
10,-0.4416052014109786,postsub,tracker_no_fl_301_keep_s122_2026-07-24,level,% of after-tax income
Total,-0.6419369307872216,postsub,tracker_no_fl_301_keep_s122_2026-07-24,level,% of after-tax income
1,0.7418901627138316,presub,tracker_no_fl_301_2026-07-24,delta_vs_default,% of after-tax income
2,0.4578874094625843,presub,tracker_no_fl_301_2026-07-24,delta_vs_default,% of after-tax income
3,0.4419167516430533,presub,tracker_no_fl_301_2026-07-24,delta_vs_default,% of after-tax income
4,0.3924020527760018,presub,tracker_no_fl_301_2026-07-24,delta_vs_default,% of after-tax income
5,0.4020240201143176,presub,tracker_no_fl_301_2026-07-24,delta_vs_default,% of after-tax income
6,0.39624526275677785,presub,tracker_no_fl_301_2026-07-24,delta_vs_default,% of after-tax income
7,0.3775771692479664,presub,tracker_no_fl_301_2026-07-24,delta_vs_default,% of after-tax income
8,0.3639468491137303,presub,tracker_no_fl_301_2026-07-24,delta_vs_default,% of after-tax income
9,0.33381205902528843,presub,tracker_no_fl_301_2026-07-24,delta_vs_default,% of after-tax income
10,0.234786068391733,presub,tracker_no_fl_301_2026-07-24,delta_vs_default,% of after-tax income
Total,0.3412954549752293,presub,tracker_no_fl_301_2026-07-24,delta_vs_default,% of after-tax income
1,0.6201061703938452,postsub,tracker_no_fl_301_2026-07-24,delta_vs_default,% of after-tax income
2,0.38272351113910774,postsub,tracker_no_fl_301_2026-07-24,delta_vs_default,% of after-tax income
3,0.36937449539948297,postsub,tracker_no_fl_301_2026-07-24,delta_vs_default,% of after-tax income
4,0.32798781602859683,postsub,tracker_no_fl_301_2026-07-24,delta_vs_default,% of after-tax income
5,0.33603030212383167,postsub,tracker_no_fl_301_2026-07-24,delta_vs_default,% of after-tax income
6,0.3312001489896928,postsub,tracker_no_fl_301_2026-07-24,delta_vs_default,% of after-tax income
7,0.3155964915264942,postsub,tracker_no_fl_301_2026-07-24,delta_vs_default,% of after-tax income
8,0.3042036384540597,postsub,tracker_no_fl_301_2026-07-24,delta_vs_default,% of after-tax income
9,0.27901558472787186,postsub,tracker_no_fl_301_2026-07-24,delta_vs_default,% of after-tax income
10,0.19624507379859138,postsub,tracker_no_fl_301_2026-07-24,delta_vs_default,% of after-tax income
Total,0.2852705537748852,postsub,tracker_no_fl_301_2026-07-24,delta_vs_default,% of after-tax income
1,-0.03709347421956455,presub,tracker_no_fl_301_keep_s122_2026-07-24,delta_vs_default,% of after-tax income
2,-0.02289373235012837,presub,tracker_no_fl_301_keep_s122_2026-07-24,delta_vs_default,% of after-tax income
3,-0.02209522171624767,presub,tracker_no_fl_301_keep_s122_2026-07-24,delta_vs_default,% of after-tax income
4,-0.01961955577778063,presub,tracker_no_fl_301_keep_s122_2026-07-24,delta_vs_default,% of after-tax income
5,-0.020100640735289055,presub,tracker_no_fl_301_keep_s122_2026-07-24,delta_vs_default,% of after-tax income
6,-0.019811710920828784,presub,tracker_no_fl_301_keep_s122_2026-07-24,delta_vs_default,% of after-tax income
7,-0.018878332261696218,presub,tracker_no_fl_301_keep_s122_2026-07-24,delta_vs_default,% of after-tax income
8,-0.018196835250529286,presub,tracker_no_fl_301_keep_s122_2026-07-24,delta_vs_default,% of after-tax income
9,-0.016690137742681466,presub,tracker_no_fl_301_keep_s122_2026-07-24,delta_vs_default,% of after-tax income
10,-0.011738976216026209,presub,tracker_no_fl_301_keep_s122_2026-07-24,delta_vs_default,% of after-tax income
Total,-0.01706429711113644,presub,tracker_no_fl_301_keep_s122_2026-07-24,delta_vs_default,% of after-tax income
1,-0.07164656192812058,postsub,tracker_no_fl_301_keep_s122_2026-07-24,delta_vs_default,% of after-tax income
2,-0.04421956279641637,postsub,tracker_no_fl_301_keep_s122_2026-07-24,delta_vs_default,% of after-tax income
3,-0.04267722838896937,postsub,tracker_no_fl_301_keep_s122_2026-07-24,delta_vs_default,% of after-tax income
4,-0.0378954451587491,postsub,tracker_no_fl_301_keep_s122_2026-07-24,delta_vs_default,% of after-tax income
5,-0.038824667452590056,postsub,tracker_no_fl_301_keep_s122_2026-07-24,delta_vs_default,% of after-tax income
6,-0.03826659549302924,postsub,tracker_no_fl_301_keep_s122_2026-07-24,delta_vs_default,% of after-tax income
7,-0.03646376161696541,postsub,tracker_no_fl_301_keep_s122_2026-07-24,delta_vs_default,% of after-tax income
8,-0.035147440651035144,postsub,tracker_no_fl_301_keep_s122_2026-07-24,delta_vs_default,% of after-tax income
9,-0.03223723343604179,postsub,tracker_no_fl_301_keep_s122_2026-07-24,delta_vs_default,% of after-tax income
10,-0.02267399600953718,postsub,tracker_no_fl_301_keep_s122_2026-07-24,delta_vs_default,% of after-tax income
Total,-0.03295992746584098,postsub,tracker_no_fl_301_keep_s122_2026-07-24,delta_vs_default,% of after-tax income
1,-583.2690787068367,presub,tracker_actual_2026-07-24,level,2025 dollars
2,-583.1629068992321,presub,tracker_actual_2026-07-24,level,2025 dollars
3,-684.9550321933492,presub,tracker_actual_2026-07-24,level,2025 dollars
4,-714.8089779179024,presub,tracker_actual_2026-07-24,level,2025 dollars
5,-864.7730855098522,presub,tracker_actual_2026-07-24,level,2025 dollars
6,-983.6993005176028,presub,tracker_actual_2026-07-24,level,2025 dollars
7,-1100.5770949442422,presub,tracker_actual_2026-07-24,level,2025 dollars
8,-1270.4375934043296,presub,tracker_actual_2026-07-24,level,2025 dollars
9,-1474.65659447319,presub,tracker_actual_2026-07-24,level,2025 dollars
10,-2493.8128419523373,presub,tracker_actual_2026-07-24,level,2025 dollars
Total,-1075.4152506518874,presub,tracker_actual_2026-07-24,level,2025 dollars
1,-490.5995369092244,postsub,tracker_actual_2026-07-24,level,2025 dollars
2,-490.51023363300885,postsub,tracker_actual_2026-07-24,level,2025 dollars
3,-576.129669590457,postsub,tracker_actual_2026-07-24,level,2025 dollars
4,-601.2404331849392,postsub,tracker_actual_2026-07-24,level,2025 dollars
5,-727.3783074928529,postsub,tracker_actual_2026-07-24,level,2025 dollars
6,-827.4095763173997,postsub,tracker_actual_2026-07-24,level,2025 dollars
7,-925.7178767467824,postsub,tracker_actual_2026-07-24,level,2025 dollars
8,-1068.591011850133,postsub,tracker_actual_2026-07-24,level,2025 dollars
9,-1240.3637853607356,postsub,tracker_actual_2026-07-24,level,2025 dollars
10,-2097.596924069125,postsub,tracker_actual_2026-07-24,level,2025 dollars
Total,-904.5537355154659,postsub,tracker_actual_2026-07-24,level,2025 dollars
1,-308.31716550346357,presub,tracker_no_fl_301_2026-07-24,level,2025 dollars
2,-308.2610428801803,presub,tracker_no_fl_301_2026-07-24,level,2025 dollars
3,-362.0685576053523,presub,tracker_no_fl_301_2026-07-24,level,2025 dollars
4,-377.8494111786219,presub,tracker_no_fl_301_2026-07-24,level,2025 dollars
5,-457.1207291139342,presub,tracker_no_fl_301_2026-07-24,level,2025 dollars
6,-519.9853568712283,presub,tracker_no_fl_301_2026-07-24,level,2025 dollars
7,-581.767185539074,presub,tracker_no_fl_301_2026-07-24,level,2025 dollars
8,-671.5557742507041,presub,tracker_no_fl_301_2026-07-24,level,2025 dollars
9,-779.506334035388,presub,tracker_no_fl_301_2026-07-24,level,2025 dollars
10,-1318.2343017935625,presub,tracker_no_fl_301_2026-07-24,level,2025 dollars
Total,-568.4665858771509,presub,tracker_no_fl_301_2026-07-24,level,2025 dollars
1,-260.78198909956143,postsub,tracker_no_fl_301_2026-07-24,level,2025 dollars
2,-260.73451925042275,postsub,tracker_no_fl_301_2026-07-24,level,2025 dollars
3,-306.2461945268247,postsub,tracker_no_fl_301_2026-07-24,level,2025 dollars
4,-319.5940156830228,postsub,tracker_no_fl_301_2026-07-24,level,2025 dollars
5,-386.6435811392875,postsub,tracker_no_fl_301_2026-07-24,level,2025 dollars
6,-439.815977959232,postsub,tracker_no_fl_301_2026-07-24,level,2025 dollars
7,-492.0725175648029,postsub,tracker_no_fl_301_2026-07-24,level,2025 dollars
8,-568.017840701209,postsub,tracker_no_fl_301_2026-07-24,level,2025 dollars
9,-659.3249907883315,postsub,tracker_no_fl_301_2026-07-24,level,2025 dollars
10,-1114.993914658102,postsub,tracker_no_fl_301_2026-07-24,level,2025 dollars
Total,-480.8225541370797,postsub,tracker_no_fl_301_2026-07-24,level,2025 dollars
1,-597.0162911873495,presub,tracker_no_fl_301_keep_s122_2026-07-24,level,2025 dollars
2,-596.9076169902785,presub,tracker_no_fl_301_keep_s122_2026-07-24,level,2025 dollars
3,-701.0989059403256,presub,tracker_no_fl_301_keep_s122_2026-07-24,level,2025 dollars
4,-731.6564866598404,presub,tracker_no_fl_301_keep_s122_2026-07-24,level,2025 dollars
5,-885.1551352154354,presub,tracker_no_fl_301_keep_s122_2026-07-24,level,2025 dollars
6,-1006.884351456921,presub,tracker_no_fl_301_keep_s122_2026-07-24,level,2025 dollars
7,-1126.516867388426,presub,tracker_no_fl_301_keep_s122_2026-07-24,level,2025 dollars
8,-1300.3808497457806,presub,tracker_no_fl_301_keep_s122_2026-07-24,level,2025 dollars
9,-1509.4131387168145,presub,tracker_no_fl_301_keep_s122_2026-07-24,level,2025 dollars
10,-2552.590130645505,presub,tracker_no_fl_301_keep_s122_2026-07-24,level,2025 dollars
Total,-1100.7619773946676,presub,tracker_no_fl_301_keep_s122_2026-07-24,level,2025 dollars
1,-517.1524692254052,postsub,tracker_no_fl_301_keep_s122_2026-07-24,level,2025 dollars
2,-517.0583325490934,postsub,tracker_no_fl_301_keep_s122_2026-07-24,level,2025 dollars
3,-607.3117865128573,postsub,tracker_no_fl_301_keep_s122_2026-07-24,level,2025 dollars
4,-633.7816308972086,postsub,tracker_no_fl_301_keep_s122_2026-07-24,level,2025 dollars
5,-766.7465202897791,postsub,tracker_no_fl_301_keep_s122_2026-07-24,level,2025 dollars
6,-872.191825025027,postsub,tracker_no_fl_301_keep_s122_2026-07-24,level,2025 dollars
7,-975.8209083965736,postsub,tracker_no_fl_301_keep_s122_2026-07-24,level,2025 dollars
8,-1126.4268283902247,postsub,tracker_no_fl_301_keep_s122_2026-07-24,level,2025 dollars
9,-1307.4965345019552,postsub,tracker_no_fl_301_keep_s122_2026-07-24,level,2025 dollars
10,-2211.1260755687977,postsub,tracker_no_fl_301_keep_s122_2026-07-24,level,2025 dollars
Total,-953.5112911356922,postsub,tracker_no_fl_301_keep_s122_2026-07-24,level,2025 dollars
1,274.9519132033731,presub,tracker_no_fl_301_2026-07-24,delta_vs_default,2025 dollars
2,274.9018640190518,presub,tracker_no_fl_301_2026-07-24,delta_vs_default,2025 dollars
3,322.88647458799693,presub,tracker_no_fl_301_2026-07-24,delta_vs_default,2025 dollars
4,336.95956673928055,presub,tracker_no_fl_301_2026-07-24,delta_vs_default,2025 dollars
5,407.652356395918,presub,tracker_no_fl_301_2026-07-24,delta_vs_default,2025 dollars
6,463.71394364637445,presub,tracker_no_fl_301_2026-07-24,delta_vs_default,2025 dollars
7,518.8099094051681,presub,tracker_no_fl_301_2026-07-24,delta_vs_default,2025 dollars
8,598.8818191536255,presub,tracker_no_fl_301_2026-07-24,delta_vs_default,2025 dollars
9,695.1502604378019,presub,tracker_no_fl_301_2026-07-24,delta_vs_default,2025 dollars
10,1175.5785401587748,presub,tracker_no_fl_301_2026-07-24,delta_vs_default,2025 dollars
Total,506.94866477473647,presub,tracker_no_fl_301_2026-07-24,delta_vs_default,2025 dollars
1,229.81754780966298,postsub,tracker_no_fl_301_2026-07-24,delta_vs_default,2025 dollars
2,229.7757143825861,postsub,tracker_no_fl_301_2026-07-24,delta_vs_default,2025 dollars
3,269.88347506363226,postsub,tracker_no_fl_301_2026-07-24,delta_vs_default,2025 dollars
4,281.6464175019164,postsub,tracker_no_fl_301_2026-07-24,delta_vs_default,2025 dollars
5,340.73472635356535,postsub,tracker_no_fl_301_2026-07-24,delta_vs_default,2025 dollars
6,387.5935983581677,postsub,tracker_no_fl_301_2026-07-24,delta_vs_default,2025 dollars
7,433.6453591819795,postsub,tracker_no_fl_301_2026-07-24,delta_vs_default,2025 dollars
8,500.5731711489241,postsub,tracker_no_fl_301_2026-07-24,delta_vs_default,2025 dollars
9,581.0387945724041,postsub,tracker_no_fl_301_2026-07-24,delta_vs_default,2025 dollars
10,982.6030094110231,postsub,tracker_no_fl_301_2026-07-24,delta_vs_default,2025 dollars
Total,423.73118137838617,postsub,tracker_no_fl_301_2026-07-24,delta_vs_default,2025 dollars
1,-13.747212480512758,presub,tracker_no_fl_301_keep_s122_2026-07-24,delta_vs_default,2025 dollars
2,-13.744710091046386,presub,tracker_no_fl_301_keep_s122_2026-07-24,delta_vs_default,2025 dollars
3,-16.143873746976396,presub,tracker_no_fl_301_keep_s122_2026-07-24,delta_vs_default,2025 dollars
4,-16.847508741937986,presub,tracker_no_fl_301_keep_s122_2026-07-24,delta_vs_default,2025 dollars
5,-20.3820497055832,presub,tracker_no_fl_301_keep_s122_2026-07-24,delta_vs_default,2025 dollars
6,-23.185050939318216,presub,tracker_no_fl_301_keep_s122_2026-07-24,delta_vs_default,2025 dollars
7,-25.939772444183745,presub,tracker_no_fl_301_keep_s122_2026-07-24,delta_vs_default,2025 dollars
8,-29.943256341450933,presub,tracker_no_fl_301_keep_s122_2026-07-24,delta_vs_default,2025 dollars
9,-34.7565442436246,presub,tracker_no_fl_301_keep_s122_2026-07-24,delta_vs_default,2025 dollars
10,-58.77728869316752,presub,tracker_no_fl_301_keep_s122_2026-07-24,delta_vs_default,2025 dollars
Total,-25.34672674278022,presub,tracker_no_fl_301_keep_s122_2026-07-24,delta_vs_default,2025 dollars
1,-26.552932316180772,postsub,tracker_no_fl_301_keep_s122_2026-07-24,delta_vs_default,2025 dollars
2,-26.54809891608454,postsub,tracker_no_fl_301_keep_s122_2026-07-24,delta_vs_default,2025 dollars
3,-31.182116922400382,postsub,tracker_no_fl_301_keep_s122_2026-07-24,delta_vs_default,2025 dollars
4,-32.54119771226942,postsub,tracker_no_fl_301_keep_s122_2026-07-24,delta_vs_default,2025 dollars
5,-39.36821279692629,postsub,tracker_no_fl_301_keep_s122_2026-07-24,delta_vs_default,2025 dollars
6,-44.78224870762733,postsub,tracker_no_fl_301_keep_s122_2026-07-24,delta_vs_default,2025 dollars
7,-50.103031649791205,postsub,tracker_no_fl_301_keep_s122_2026-07-24,delta_vs_default,2025 dollars
8,-57.83581654009163,postsub,tracker_no_fl_301_keep_s122_2026-07-24,delta_vs_default,2025 dollars
9,-67.13274914121962,postsub,tracker_no_fl_301_keep_s122_2026-07-24,delta_vs_default,2025 dollars
10,-113.52915149967248,postsub,tracker_no_fl_301_keep_s122_2026-07-24,delta_vs_default,2025 dollars
Total,-48.957555620226344,postsub,tracker_no_fl_301_keep_s122_2026-07-24,delta_vs_default,2025 dollars
