year,series,value
1790,historical,12.5
1791,historical,10
1792,historical,15.63
1793,historical,22.58
1794,historical,30
1795,historical,17.46
1796,historical,22.81
1797,historical,24
1798,historical,31.58
1799,historical,44.44
1800,historical,29.63
1801,historical,29.85
1802,historical,34.88
1803,historical,26.92
1804,historical,41.18
1805,historical,33.33
1806,historical,34.21
1807,historical,31.76
1808,historical,24.44
1809,historical,30
1810,historical,26.15
1811,historical,23.81
1812,historical,21.43
1813,historical,36.84
1814,historical,30.77
1815,historical,48.1
1816,historical,24.63
1817,historical,26.83
1818,historical,24.07
1819,historical,28.38
1820,historical,29.82
1821,historical,43.21
1822,historical,35.23
1823,historical,43.69
1824,historical,47.39
1825,historical,47.72
1826,historical,45.28
1827,historical,50.93
1828,historical,44.74
1829,historical,50.73
1830,historical,57.32
1831,historical,44.23
1832,historical,38.97
1833,historical,28.99
1834,historical,21.83
1835,historical,21.25
1836,historical,19.51
1837,historical,16.05
1838,historical,23.11
1839,historical,17.57
1840,historical,17.6
1841,historical,17.37
1842,historical,18.96
1843,historical,20.13
1844,historical,30.5
1845,historical,29.34
1846,historical,27.7
1847,historical,24.2
1848,historical,23.49
1849,historical,23.41
1850,historical,24.5
1851,historical,24.26
1852,historical,24.35
1853,historical,23.37
1854,historical,23.52
1855,historical,23.36
1856,historical,21.68
1857,historical,19.09
1858,historical,17.33
1859,historical,15.43
1860,historical,15.67
1861,historical,14.21
1862,historical,26.08
1863,historical,28.28
1864,historical,32.04
1865,historical,38.46
1866,historical,41.81
1867,historical,44.56
1868,historical,46.56
1869,historical,44.76
1870,historical,44.89
1871,historical,40.51
1872,historical,37.99
1873,historical,27.9
1874,historical,28.29
1875,historical,29.36
1876,historical,31.25
1877,historical,29.2
1878,historical,29
1879,historical,30.33
1880,historical,29.12
1881,historical,29.79
1882,historical,30.16
1883,historical,30.04
1884,historical,28.5
1885,historical,30.75
1886,historical,30.35
1887,historical,31.52
1888,historical,30.55
1889,historical,30.02
1890,historical,29.59
1891,historical,25.65
1892,historical,21.65
1893,historical,23.91
1894,historical,20.56
1895,historical,20.44
1896,historical,20.67
1897,historical,21.89
1898,historical,24.77
1899,historical,29.48
1900,historical,27.62
1901,historical,28.91
1902,historical,27.95
1903,historical,27.85
1904,historical,26.29
1905,historical,23.77
1906,historical,24.22
1907,historical,23.28
1908,historical,23.88
1909,historical,22.99
1910,historical,21.11
1911,historical,20.29
1912,historical,18.58
1913,historical,17.69
1914,historical,14.88
1915,historical,12.49
1916,historical,9.08
1917,historical,7.01
1918,historical,5.79
1919,historical,6.2
1920,historical,6.38
1921,historical,11.44
1922,historical,14.68
1923,historical,15.18
1924,historical,14.89
1925,historical,13.21
1926,historical,13.39
1927,historical,13.81
1928,historical,13.3
1929,historical,13.48
1930,historical,14.83
1931,historical,17.75
1932,historical,19.59
1933,historical,19.8
1934,historical,18.41
1935,historical,17.52
1936,historical,16.84
1937,historical,15.63
1938,historical,15.46
1939,historical,14.41
1940,historical,12.51
1941,historical,13.59
1942,historical,11.51
1943,historical,11.57
1944,historical,9.45
1945,historical,9.29
1946,historical,9.9
1947,historical,7.55
1948,historical,5.71
1949,historical,5.53
1950,historical,5.97
1951,historical,5.47
1952,historical,5.3
1953,historical,5.42
1954,historical,5.17
1955,historical,5.59
1956,historical,5.67
1957,historical,5.76
1958,historical,6.44
1959,historical,7.02
1960,historical,7.4
1961,historical,7.21
1962,historical,7.5
1963,historical,7.29
1964,historical,7.2
1965,historical,7.72
1966,historical,7.57
1967,historical,7.54
1968,historical,7.08
1969,historical,7.11
1970,historical,6.5
1971,historical,6.08
1972,historical,5.65
1973,historical,5.24
1974,historical,3.77
1975,historical,3.92
1976,historical,3.86
1977,historical,3.73
1978,historical,4.14
1979,historical,3.5
1980,historical,3.09
1981,historical,3.43
1982,historical,3.437
1983,historical,3.333
1984,historical,3.54
1985,historical,3.542
1986,historical,3.701
1987,historical,3.723
1988,historical,3.624
1989,historical,3.543
1990,historical,3.28
1991,historical,3.232
1992,historical,3.238
1993,historical,3.218
1994,historical,3.035
1995,historical,2.468
1996,historical,2.232
1997,historical,2.069
1998,historical,1.975
1999,historical,1.781
2000,historical,1.59
2001,historical,1.65
2002,historical,1.556
2003,historical,1.547
2004,historical,1.438
2005,historical,1.375
2006,historical,1.312
2007,historical,1.345
2008,historical,1.273
2009,historical,1.353
2010,historical,1.374
2011,historical,1.337
2012,historical,1.338
2013,historical,1.421
2014,historical,1.436
2015,historical,1.529
2016,historical,1.552
2017,historical,1.486
2018,historical,1.941
2019,historical,2.944
2020,historical,2.845
2021,historical,3.011
2022,historical,3.005
2023,historical,2.487
2024,historical,2.418
2024,projected_postsub,2.418
2025,projected_postsub,6.24957852233089
2024,projected_presub,2.418
2025,projected_presub,7.29447751484948
1790,current_average_postsub,6.24957852233089
1791,current_average_postsub,6.24957852233089
1792,current_average_postsub,6.24957852233089
1793,current_average_postsub,6.24957852233089
1794,current_average_postsub,6.24957852233089
1795,current_average_postsub,6.24957852233089
1796,current_average_postsub,6.24957852233089
1797,current_average_postsub,6.24957852233089
1798,current_average_postsub,6.24957852233089
1799,current_average_postsub,6.24957852233089
1800,current_average_postsub,6.24957852233089
1801,current_average_postsub,6.24957852233089
1802,current_average_postsub,6.24957852233089
1803,current_average_postsub,6.24957852233089
1804,current_average_postsub,6.24957852233089
1805,current_average_postsub,6.24957852233089
1806,current_average_postsub,6.24957852233089
1807,current_average_postsub,6.24957852233089
1808,current_average_postsub,6.24957852233089
1809,current_average_postsub,6.24957852233089
1810,current_average_postsub,6.24957852233089
1811,current_average_postsub,6.24957852233089
1812,current_average_postsub,6.24957852233089
1813,current_average_postsub,6.24957852233089
1814,current_average_postsub,6.24957852233089
1815,current_average_postsub,6.24957852233089
1816,current_average_postsub,6.24957852233089
1817,current_average_postsub,6.24957852233089
1818,current_average_postsub,6.24957852233089
1819,current_average_postsub,6.24957852233089
1820,current_average_postsub,6.24957852233089
1821,current_average_postsub,6.24957852233089
1822,current_average_postsub,6.24957852233089
1823,current_average_postsub,6.24957852233089
1824,current_average_postsub,6.24957852233089
1825,current_average_postsub,6.24957852233089
1826,current_average_postsub,6.24957852233089
1827,current_average_postsub,6.24957852233089
1828,current_average_postsub,6.24957852233089
1829,current_average_postsub,6.24957852233089
1830,current_average_postsub,6.24957852233089
1831,current_average_postsub,6.24957852233089
1832,current_average_postsub,6.24957852233089
1833,current_average_postsub,6.24957852233089
1834,current_average_postsub,6.24957852233089
1835,current_average_postsub,6.24957852233089
1836,current_average_postsub,6.24957852233089
1837,current_average_postsub,6.24957852233089
1838,current_average_postsub,6.24957852233089
1839,current_average_postsub,6.24957852233089
1840,current_average_postsub,6.24957852233089
1841,current_average_postsub,6.24957852233089
1842,current_average_postsub,6.24957852233089
1843,current_average_postsub,6.24957852233089
1844,current_average_postsub,6.24957852233089
1845,current_average_postsub,6.24957852233089
1846,current_average_postsub,6.24957852233089
1847,current_average_postsub,6.24957852233089
1848,current_average_postsub,6.24957852233089
1849,current_average_postsub,6.24957852233089
1850,current_average_postsub,6.24957852233089
1851,current_average_postsub,6.24957852233089
1852,current_average_postsub,6.24957852233089
1853,current_average_postsub,6.24957852233089
1854,current_average_postsub,6.24957852233089
1855,current_average_postsub,6.24957852233089
1856,current_average_postsub,6.24957852233089
1857,current_average_postsub,6.24957852233089
1858,current_average_postsub,6.24957852233089
1859,current_average_postsub,6.24957852233089
1860,current_average_postsub,6.24957852233089
1861,current_average_postsub,6.24957852233089
1862,current_average_postsub,6.24957852233089
1863,current_average_postsub,6.24957852233089
1864,current_average_postsub,6.24957852233089
1865,current_average_postsub,6.24957852233089
1866,current_average_postsub,6.24957852233089
1867,current_average_postsub,6.24957852233089
1868,current_average_postsub,6.24957852233089
1869,current_average_postsub,6.24957852233089
1870,current_average_postsub,6.24957852233089
1871,current_average_postsub,6.24957852233089
1872,current_average_postsub,6.24957852233089
1873,current_average_postsub,6.24957852233089
1874,current_average_postsub,6.24957852233089
1875,current_average_postsub,6.24957852233089
1876,current_average_postsub,6.24957852233089
1877,current_average_postsub,6.24957852233089
1878,current_average_postsub,6.24957852233089
1879,current_average_postsub,6.24957852233089
1880,current_average_postsub,6.24957852233089
1881,current_average_postsub,6.24957852233089
1882,current_average_postsub,6.24957852233089
1883,current_average_postsub,6.24957852233089
1884,current_average_postsub,6.24957852233089
1885,current_average_postsub,6.24957852233089
1886,current_average_postsub,6.24957852233089
1887,current_average_postsub,6.24957852233089
1888,current_average_postsub,6.24957852233089
1889,current_average_postsub,6.24957852233089
1890,current_average_postsub,6.24957852233089
1891,current_average_postsub,6.24957852233089
1892,current_average_postsub,6.24957852233089
1893,current_average_postsub,6.24957852233089
1894,current_average_postsub,6.24957852233089
1895,current_average_postsub,6.24957852233089
1896,current_average_postsub,6.24957852233089
1897,current_average_postsub,6.24957852233089
1898,current_average_postsub,6.24957852233089
1899,current_average_postsub,6.24957852233089
1900,current_average_postsub,6.24957852233089
1901,current_average_postsub,6.24957852233089
1902,current_average_postsub,6.24957852233089
1903,current_average_postsub,6.24957852233089
1904,current_average_postsub,6.24957852233089
1905,current_average_postsub,6.24957852233089
1906,current_average_postsub,6.24957852233089
1907,current_average_postsub,6.24957852233089
1908,current_average_postsub,6.24957852233089
1909,current_average_postsub,6.24957852233089
1910,current_average_postsub,6.24957852233089
1911,current_average_postsub,6.24957852233089
1912,current_average_postsub,6.24957852233089
1913,current_average_postsub,6.24957852233089
1914,current_average_postsub,6.24957852233089
1915,current_average_postsub,6.24957852233089
1916,current_average_postsub,6.24957852233089
1917,current_average_postsub,6.24957852233089
1918,current_average_postsub,6.24957852233089
1919,current_average_postsub,6.24957852233089
1920,current_average_postsub,6.24957852233089
1921,current_average_postsub,6.24957852233089
1922,current_average_postsub,6.24957852233089
1923,current_average_postsub,6.24957852233089
1924,current_average_postsub,6.24957852233089
1925,current_average_postsub,6.24957852233089
1926,current_average_postsub,6.24957852233089
1927,current_average_postsub,6.24957852233089
1928,current_average_postsub,6.24957852233089
1929,current_average_postsub,6.24957852233089
1930,current_average_postsub,6.24957852233089
1931,current_average_postsub,6.24957852233089
1932,current_average_postsub,6.24957852233089
1933,current_average_postsub,6.24957852233089
1934,current_average_postsub,6.24957852233089
1935,current_average_postsub,6.24957852233089
1936,current_average_postsub,6.24957852233089
1937,current_average_postsub,6.24957852233089
1938,current_average_postsub,6.24957852233089
1939,current_average_postsub,6.24957852233089
1940,current_average_postsub,6.24957852233089
1941,current_average_postsub,6.24957852233089
1942,current_average_postsub,6.24957852233089
1943,current_average_postsub,6.24957852233089
1944,current_average_postsub,6.24957852233089
1945,current_average_postsub,6.24957852233089
1946,current_average_postsub,6.24957852233089
1947,current_average_postsub,6.24957852233089
1948,current_average_postsub,6.24957852233089
1949,current_average_postsub,6.24957852233089
1950,current_average_postsub,6.24957852233089
1951,current_average_postsub,6.24957852233089
1952,current_average_postsub,6.24957852233089
1953,current_average_postsub,6.24957852233089
1954,current_average_postsub,6.24957852233089
1955,current_average_postsub,6.24957852233089
1956,current_average_postsub,6.24957852233089
1957,current_average_postsub,6.24957852233089
1958,current_average_postsub,6.24957852233089
1959,current_average_postsub,6.24957852233089
1960,current_average_postsub,6.24957852233089
1961,current_average_postsub,6.24957852233089
1962,current_average_postsub,6.24957852233089
1963,current_average_postsub,6.24957852233089
1964,current_average_postsub,6.24957852233089
1965,current_average_postsub,6.24957852233089
1966,current_average_postsub,6.24957852233089
1967,current_average_postsub,6.24957852233089
1968,current_average_postsub,6.24957852233089
1969,current_average_postsub,6.24957852233089
1970,current_average_postsub,6.24957852233089
1971,current_average_postsub,6.24957852233089
1972,current_average_postsub,6.24957852233089
1973,current_average_postsub,6.24957852233089
1974,current_average_postsub,6.24957852233089
1975,current_average_postsub,6.24957852233089
1976,current_average_postsub,6.24957852233089
1977,current_average_postsub,6.24957852233089
1978,current_average_postsub,6.24957852233089
1979,current_average_postsub,6.24957852233089
1980,current_average_postsub,6.24957852233089
1981,current_average_postsub,6.24957852233089
1982,current_average_postsub,6.24957852233089
1983,current_average_postsub,6.24957852233089
1984,current_average_postsub,6.24957852233089
1985,current_average_postsub,6.24957852233089
1986,current_average_postsub,6.24957852233089
1987,current_average_postsub,6.24957852233089
1988,current_average_postsub,6.24957852233089
1989,current_average_postsub,6.24957852233089
1990,current_average_postsub,6.24957852233089
1991,current_average_postsub,6.24957852233089
1992,current_average_postsub,6.24957852233089
1993,current_average_postsub,6.24957852233089
1994,current_average_postsub,6.24957852233089
1995,current_average_postsub,6.24957852233089
1996,current_average_postsub,6.24957852233089
1997,current_average_postsub,6.24957852233089
1998,current_average_postsub,6.24957852233089
1999,current_average_postsub,6.24957852233089
2000,current_average_postsub,6.24957852233089
2001,current_average_postsub,6.24957852233089
2002,current_average_postsub,6.24957852233089
2003,current_average_postsub,6.24957852233089
2004,current_average_postsub,6.24957852233089
2005,current_average_postsub,6.24957852233089
2006,current_average_postsub,6.24957852233089
2007,current_average_postsub,6.24957852233089
2008,current_average_postsub,6.24957852233089
2009,current_average_postsub,6.24957852233089
2010,current_average_postsub,6.24957852233089
2011,current_average_postsub,6.24957852233089
2012,current_average_postsub,6.24957852233089
2013,current_average_postsub,6.24957852233089
2014,current_average_postsub,6.24957852233089
2015,current_average_postsub,6.24957852233089
2016,current_average_postsub,6.24957852233089
2017,current_average_postsub,6.24957852233089
2018,current_average_postsub,6.24957852233089
2019,current_average_postsub,6.24957852233089
2020,current_average_postsub,6.24957852233089
2021,current_average_postsub,6.24957852233089
2022,current_average_postsub,6.24957852233089
2023,current_average_postsub,6.24957852233089
2024,current_average_postsub,6.24957852233089
2025,current_average_postsub,6.24957852233089
2025,current_average_postsub,6.24957852233089
1790,current_average_presub,7.29447751484948
1791,current_average_presub,7.29447751484948
1792,current_average_presub,7.29447751484948
1793,current_average_presub,7.29447751484948
1794,current_average_presub,7.29447751484948
1795,current_average_presub,7.29447751484948
1796,current_average_presub,7.29447751484948
1797,current_average_presub,7.29447751484948
1798,current_average_presub,7.29447751484948
1799,current_average_presub,7.29447751484948
1800,current_average_presub,7.29447751484948
1801,current_average_presub,7.29447751484948
1802,current_average_presub,7.29447751484948
1803,current_average_presub,7.29447751484948
1804,current_average_presub,7.29447751484948
1805,current_average_presub,7.29447751484948
1806,current_average_presub,7.29447751484948
1807,current_average_presub,7.29447751484948
1808,current_average_presub,7.29447751484948
1809,current_average_presub,7.29447751484948
1810,current_average_presub,7.29447751484948
1811,current_average_presub,7.29447751484948
1812,current_average_presub,7.29447751484948
1813,current_average_presub,7.29447751484948
1814,current_average_presub,7.29447751484948
1815,current_average_presub,7.29447751484948
1816,current_average_presub,7.29447751484948
1817,current_average_presub,7.29447751484948
1818,current_average_presub,7.29447751484948
1819,current_average_presub,7.29447751484948
1820,current_average_presub,7.29447751484948
1821,current_average_presub,7.29447751484948
1822,current_average_presub,7.29447751484948
1823,current_average_presub,7.29447751484948
1824,current_average_presub,7.29447751484948
1825,current_average_presub,7.29447751484948
1826,current_average_presub,7.29447751484948
1827,current_average_presub,7.29447751484948
1828,current_average_presub,7.29447751484948
1829,current_average_presub,7.29447751484948
1830,current_average_presub,7.29447751484948
1831,current_average_presub,7.29447751484948
1832,current_average_presub,7.29447751484948
1833,current_average_presub,7.29447751484948
1834,current_average_presub,7.29447751484948
1835,current_average_presub,7.29447751484948
1836,current_average_presub,7.29447751484948
1837,current_average_presub,7.29447751484948
1838,current_average_presub,7.29447751484948
1839,current_average_presub,7.29447751484948
1840,current_average_presub,7.29447751484948
1841,current_average_presub,7.29447751484948
1842,current_average_presub,7.29447751484948
1843,current_average_presub,7.29447751484948
1844,current_average_presub,7.29447751484948
1845,current_average_presub,7.29447751484948
1846,current_average_presub,7.29447751484948
1847,current_average_presub,7.29447751484948
1848,current_average_presub,7.29447751484948
1849,current_average_presub,7.29447751484948
1850,current_average_presub,7.29447751484948
1851,current_average_presub,7.29447751484948
1852,current_average_presub,7.29447751484948
1853,current_average_presub,7.29447751484948
1854,current_average_presub,7.29447751484948
1855,current_average_presub,7.29447751484948
1856,current_average_presub,7.29447751484948
1857,current_average_presub,7.29447751484948
1858,current_average_presub,7.29447751484948
1859,current_average_presub,7.29447751484948
1860,current_average_presub,7.29447751484948
1861,current_average_presub,7.29447751484948
1862,current_average_presub,7.29447751484948
1863,current_average_presub,7.29447751484948
1864,current_average_presub,7.29447751484948
1865,current_average_presub,7.29447751484948
1866,current_average_presub,7.29447751484948
1867,current_average_presub,7.29447751484948
1868,current_average_presub,7.29447751484948
1869,current_average_presub,7.29447751484948
1870,current_average_presub,7.29447751484948
1871,current_average_presub,7.29447751484948
1872,current_average_presub,7.29447751484948
1873,current_average_presub,7.29447751484948
1874,current_average_presub,7.29447751484948
1875,current_average_presub,7.29447751484948
1876,current_average_presub,7.29447751484948
1877,current_average_presub,7.29447751484948
1878,current_average_presub,7.29447751484948
1879,current_average_presub,7.29447751484948
1880,current_average_presub,7.29447751484948
1881,current_average_presub,7.29447751484948
1882,current_average_presub,7.29447751484948
1883,current_average_presub,7.29447751484948
1884,current_average_presub,7.29447751484948
1885,current_average_presub,7.29447751484948
1886,current_average_presub,7.29447751484948
1887,current_average_presub,7.29447751484948
1888,current_average_presub,7.29447751484948
1889,current_average_presub,7.29447751484948
1890,current_average_presub,7.29447751484948
1891,current_average_presub,7.29447751484948
1892,current_average_presub,7.29447751484948
1893,current_average_presub,7.29447751484948
1894,current_average_presub,7.29447751484948
1895,current_average_presub,7.29447751484948
1896,current_average_presub,7.29447751484948
1897,current_average_presub,7.29447751484948
1898,current_average_presub,7.29447751484948
1899,current_average_presub,7.29447751484948
1900,current_average_presub,7.29447751484948
1901,current_average_presub,7.29447751484948
1902,current_average_presub,7.29447751484948
1903,current_average_presub,7.29447751484948
1904,current_average_presub,7.29447751484948
1905,current_average_presub,7.29447751484948
1906,current_average_presub,7.29447751484948
1907,current_average_presub,7.29447751484948
1908,current_average_presub,7.29447751484948
1909,current_average_presub,7.29447751484948
1910,current_average_presub,7.29447751484948
1911,current_average_presub,7.29447751484948
1912,current_average_presub,7.29447751484948
1913,current_average_presub,7.29447751484948
1914,current_average_presub,7.29447751484948
1915,current_average_presub,7.29447751484948
1916,current_average_presub,7.29447751484948
1917,current_average_presub,7.29447751484948
1918,current_average_presub,7.29447751484948
1919,current_average_presub,7.29447751484948
1920,current_average_presub,7.29447751484948
1921,current_average_presub,7.29447751484948
1922,current_average_presub,7.29447751484948
1923,current_average_presub,7.29447751484948
1924,current_average_presub,7.29447751484948
1925,current_average_presub,7.29447751484948
1926,current_average_presub,7.29447751484948
1927,current_average_presub,7.29447751484948
1928,current_average_presub,7.29447751484948
1929,current_average_presub,7.29447751484948
1930,current_average_presub,7.29447751484948
1931,current_average_presub,7.29447751484948
1932,current_average_presub,7.29447751484948
1933,current_average_presub,7.29447751484948
1934,current_average_presub,7.29447751484948
1935,current_average_presub,7.29447751484948
1936,current_average_presub,7.29447751484948
1937,current_average_presub,7.29447751484948
1938,current_average_presub,7.29447751484948
1939,current_average_presub,7.29447751484948
1940,current_average_presub,7.29447751484948
1941,current_average_presub,7.29447751484948
1942,current_average_presub,7.29447751484948
1943,current_average_presub,7.29447751484948
1944,current_average_presub,7.29447751484948
1945,current_average_presub,7.29447751484948
1946,current_average_presub,7.29447751484948
1947,current_average_presub,7.29447751484948
1948,current_average_presub,7.29447751484948
1949,current_average_presub,7.29447751484948
1950,current_average_presub,7.29447751484948
1951,current_average_presub,7.29447751484948
1952,current_average_presub,7.29447751484948
1953,current_average_presub,7.29447751484948
1954,current_average_presub,7.29447751484948
1955,current_average_presub,7.29447751484948
1956,current_average_presub,7.29447751484948
1957,current_average_presub,7.29447751484948
1958,current_average_presub,7.29447751484948
1959,current_average_presub,7.29447751484948
1960,current_average_presub,7.29447751484948
1961,current_average_presub,7.29447751484948
1962,current_average_presub,7.29447751484948
1963,current_average_presub,7.29447751484948
1964,current_average_presub,7.29447751484948
1965,current_average_presub,7.29447751484948
1966,current_average_presub,7.29447751484948
1967,current_average_presub,7.29447751484948
1968,current_average_presub,7.29447751484948
1969,current_average_presub,7.29447751484948
1970,current_average_presub,7.29447751484948
1971,current_average_presub,7.29447751484948
1972,current_average_presub,7.29447751484948
1973,current_average_presub,7.29447751484948
1974,current_average_presub,7.29447751484948
1975,current_average_presub,7.29447751484948
1976,current_average_presub,7.29447751484948
1977,current_average_presub,7.29447751484948
1978,current_average_presub,7.29447751484948
1979,current_average_presub,7.29447751484948
1980,current_average_presub,7.29447751484948
1981,current_average_presub,7.29447751484948
1982,current_average_presub,7.29447751484948
1983,current_average_presub,7.29447751484948
1984,current_average_presub,7.29447751484948
1985,current_average_presub,7.29447751484948
1986,current_average_presub,7.29447751484948
1987,current_average_presub,7.29447751484948
1988,current_average_presub,7.29447751484948
1989,current_average_presub,7.29447751484948
1990,current_average_presub,7.29447751484948
1991,current_average_presub,7.29447751484948
1992,current_average_presub,7.29447751484948
1993,current_average_presub,7.29447751484948
1994,current_average_presub,7.29447751484948
1995,current_average_presub,7.29447751484948
1996,current_average_presub,7.29447751484948
1997,current_average_presub,7.29447751484948
1998,current_average_presub,7.29447751484948
1999,current_average_presub,7.29447751484948
2000,current_average_presub,7.29447751484948
2001,current_average_presub,7.29447751484948
2002,current_average_presub,7.29447751484948
2003,current_average_presub,7.29447751484948
2004,current_average_presub,7.29447751484948
2005,current_average_presub,7.29447751484948
2006,current_average_presub,7.29447751484948
2007,current_average_presub,7.29447751484948
2008,current_average_presub,7.29447751484948
2009,current_average_presub,7.29447751484948
2010,current_average_presub,7.29447751484948
2011,current_average_presub,7.29447751484948
2012,current_average_presub,7.29447751484948
2013,current_average_presub,7.29447751484948
2014,current_average_presub,7.29447751484948
2015,current_average_presub,7.29447751484948
2016,current_average_presub,7.29447751484948
2017,current_average_presub,7.29447751484948
2018,current_average_presub,7.29447751484948
2019,current_average_presub,7.29447751484948
2020,current_average_presub,7.29447751484948
2021,current_average_presub,7.29447751484948
2022,current_average_presub,7.29447751484948
2023,current_average_presub,7.29447751484948
2024,current_average_presub,7.29447751484948
2025,current_average_presub,7.29447751484948
2025,current_average_presub,7.29447751484948
